{
  "IcoMoonType": "selection",
  "icons": [
    {
      "icon": {
        "paths": [
          "M713.143 73.143c90.857 0 164.571 73.714 164.571 164.571v548.571c0 90.857-73.714 164.571-164.571 164.571h-107.429v-340h113.714l17.143-132.571h-130.857v-84.571c0-38.286 10.286-64 65.714-64l69.714-0.571v-118.286c-12-1.714-53.714-5.143-101.714-5.143-101.143 0-170.857 61.714-170.857 174.857v97.714h-114.286v132.571h114.286v340h-304c-90.857 0-164.571-73.714-164.571-164.571v-548.571c0-90.857 73.714-164.571 164.571-164.571h548.571z"
        ],
        "width": 877.7142857142857,
        "attrs": [],
        "isMulticolor": false,
        "isMulticolor2": false,
        "tags": [
          "facebook-square"
        ],
        "defaultCode": 61570,
        "grid": 14
      },
      "attrs": [],
      "properties": {
        "name": "facebook-square",
        "id": 123,
        "order": 3,
        "prevSize": 28,
        "code": 61570
      },
      "setIdx": 0,
      "setId": 2,
      "iconIdx": 123
    },
    {
      "icon": {
        "paths": [
          "M704 640c-64 64-64 128-128 128s-128-64-192-128-128-128-128-192 64-64 128-128-128-256-192-256-192 192-192 192c0 128 131.5 387.5 256 512s384 256 512 256c0 0 192-128 192-192s-192-256-256-192z"
        ],
        "tags": [
          "phone",
          "telephone",
          "contact",
          "support",
          "call"
        ],
        "defaultCode": 59714,
        "grid": 16,
        "attrs": []
      },
      "attrs": [],
      "properties": {
        "ligatures": "phone, telephone",
        "name": "phone",
        "order": 2,
        "id": 67,
        "prevSize": 32,
        "code": 59714
      },
      "setIdx": 1,
      "setId": 1,
      "iconIdx": 66
    },
    {
      "icon": {
        "paths": [
          "M853.31 0h-682.62c-93.88 0-170.69 76.784-170.69 170.658v682.656c0 93.876 76.81 170.686 170.69 170.686h682.622c93.938 0 170.688-76.81 170.688-170.686v-682.656c0-93.874-76.75-170.658-170.69-170.658zM256 256h512c9.138 0 18.004 1.962 26.144 5.662l-282.144 329.168-282.144-329.17c8.14-3.696 17.006-5.66 26.144-5.66zM192 704v-384c0-1.34 0.056-2.672 0.14-4l187.664 218.94-185.598 185.6c-1.444-5.338-2.206-10.886-2.206-16.54zM768 768h-512c-5.654 0-11.202-0.762-16.54-2.206l182.118-182.118 90.422 105.496 90.424-105.494 182.116 182.118c-5.34 1.442-10.886 2.204-16.54 2.204zM832 704c0 5.654-0.762 11.2-2.206 16.54l-185.598-185.598 187.664-218.942c0.084 1.328 0.14 2.66 0.14 4v384z"
        ],
        "tags": [
          "mail",
          "contact",
          "support",
          "newsletter",
          "letter",
          "email",
          "envelop",
          "social"
        ],
        "defaultCode": 60035,
        "grid": 16,
        "attrs": []
      },
      "attrs": [],
      "properties": {
        "ligatures": "mail2, contact2",
        "name": "mail",
        "order": 5,
        "id": 388,
        "prevSize": 32,
        "code": 60035
      },
      "setIdx": 1,
      "setId": 1,
      "iconIdx": 387
    },
    {
      "icon": {
        "paths": [
          "M928 0h-832c-52.8 0-96 43.2-96 96v832c0 52.8 43.2 96 96 96h832c52.8 0 96-43.2 96-96v-832c0-52.8-43.2-96-96-96zM384 832h-128v-448h128v448zM320 320c-35.4 0-64-28.6-64-64s28.6-64 64-64c35.4 0 64 28.6 64 64s-28.6 64-64 64zM832 832h-128v-256c0-35.4-28.6-64-64-64s-64 28.6-64 64v256h-128v-448h128v79.4c26.4-36.2 66.8-79.4 112-79.4 79.6 0 144 71.6 144 160v288z"
        ],
        "tags": [
          "linkedin",
          "brand",
          "social"
        ],
        "defaultCode": 60105,
        "grid": 16,
        "attrs": []
      },
      "attrs": [],
      "properties": {
        "ligatures": "linkedin, brand64",
        "name": "linkedin",
        "order": 4,
        "id": 458,
        "prevSize": 32,
        "code": 60105
      },
      "setIdx": 1,
      "setId": 1,
      "iconIdx": 457
    }
  ],
  "height": 1024,
  "metadata": {
    "name": "icomoon"
  },
  "preferences": {
    "showGlyphs": true,
    "showQuickUse": true,
    "showQuickUse2": true,
    "showSVGs": true,
    "fontPref": {
      "prefix": "icon-",
      "metadata": {
        "fontFamily": "icomoon"
      },
      "metrics": {
        "emSize": 1024,
        "baseline": 6.25,
        "whitespace": 50
      },
      "embed": false
    },
    "imagePref": {
      "prefix": "icon-",
      "png": true,
      "useClassSelector": true,
      "color": 0,
      "bgColor": 16777215,
      "classSelector": ".icon"
    },
    "historySize": 50,
    "showCodes": true,
    "gridSize": 16
  }
}